symbol,ts,price,volume
DEMO,1700000000,100.10,1010000
DEMO,1700000030,99.95,990000
DEMO,1700000060,100.05,1005000
DEMO,1700000090,99.90,995000
DEMO,1700000120,100.15,1020000
DEMO,1700000150,100.00,1000000
DEMO,1700000180,99.85,980000
DEMO,1700000210,100.20,1030000
DEMO,1700000240,99.95,990000
DEMO,1700000270,100.05,1000000
DEMO,1700000300,100.10,1010000
DEMO,1700000330,99.90,995000
DEMO,1700000360,100.00,1000000
DEMO,1700000390,100.05,1005000
DEMO,1700000420,99.95,990000
DEMO,1700000450,100.15,1015000
DEMO,1700000480,100.00,1000000
DEMO,1700000510,99.90,985000
DEMO,1700000540,100.10,1010000
DEMO,1700000570,100.00,1000000
DEMO,1700000600,100.05,1005000
DEMO,1700000630,99.95,995000
DEMO,1700000660,104.80,4700000
